pool,field0_hex,candidate_rank,xml_tag,files_tested,both_nonzero,nonzero_exact,all_file_exact_rate,pearson,score
details,0x03ef,1,acciAlter,324,85,46,0.8796,0.974626,2.854256
details,0x03ef,2,secBeamBreak,324,43,1,0.7284,0.639338,1.417733
details,0x03ef,3,measTextAssign,324,10,0,0.7315,0.634161,1.365642
details,0x03f0,1,entrySize,324,33,33,1.0000,1.000000,3.000000
details,0x03f0,2,staffSize,324,22,0,0.8210,0.474349,1.295337
details,0x03f0,3,measNumbIndivPos,324,5,0,0.8765,0.379267,1.255810
details,0x03f1,1,articAssign,324,173,64,0.6636,0.998473,2.662053
details,0x03f1,2,smartShapeEntryMark,324,150,3,0.4198,0.747257,1.317010
details,0x03f1,3,beamAltPrimDownStem,324,124,1,0.4383,0.803966,1.292237
details,0x03f2,1,baselinesChords,324,323,323,1.0000,1.000000,3.000000
details,0x03f2,2,baselinesExprAboveStaff,324,323,314,0.9691,-0.011675,1.957461
details,0x03f2,3,baselinesExprBelowStaff,324,323,289,0.8920,-0.026386,1.865590
details,0x03f3,1,baselinesExprAboveStaff,324,324,324,1.0000,1.000000,3.000000
details,0x03f3,2,baselinesExprBelowStaff,324,324,296,0.9136,0.398863,2.312443
details,0x03f3,3,baselinesChords,324,323,314,0.9691,-0.011675,1.957461
details,0x03f4,1,baselinesExprBelowStaff,324,324,324,1.0000,1.000000,3.000000
details,0x03f4,2,baselinesExprAboveStaff,324,324,296,0.9136,0.398863,2.312443
details,0x03f4,3,baselinesChords,324,323,289,0.8920,-0.026386,1.865590
details,0x03f5,1,baselinesFingerboards,324,145,145,1.0000,1.000000,3.000000
details,0x03f5,2,shapeNote,324,140,140,0.9846,0.969165,2.953733
details,0x03f5,3,activeLyric,324,141,141,0.9506,0.901769,2.852386
details,0x03f6,1,baselinesChords,324,323,319,0.9877,0.191978,2.179632
details,0x03f6,2,baselinesExprAboveStaff,324,323,318,0.9815,0.006966,1.988448
details,0x03f6,3,baselinesExprBelowStaff,324,323,293,0.9043,0.015744,1.920065
details,0x03f7,1,baselinesChords,324,323,305,0.9444,0.031315,1.975759
details,0x03f7,2,baselinesExprAboveStaff,324,323,304,0.9383,-0.023763,1.914509
details,0x03f7,3,baselinesExprBelowStaff,324,323,279,0.8611,-0.053707,1.807405
details,0x03f8,1,baselinesExprAboveStaff,324,324,303,0.9352,0.101736,2.036922
details,0x03f8,2,baselinesExprBelowStaff,324,324,280,0.8642,-0.010520,1.853677
details,0x03f8,3,baselinesChords,324,323,298,0.9198,-0.092484,1.827269
details,0x03fd,1,beamExtendDownStem,324,60,60,1.0000,1.000000,3.000000
details,0x03fd,2,beamExtendUpStem,324,53,34,0.9136,0.976720,2.890300
details,0x03fd,3,stemDefDown,324,39,5,0.8086,0.809636,1.868278
details,0x03fe,1,beamExtendUpStem,324,55,54,0.9969,0.999967,2.996881
details,0x03fe,2,beamExtendDownStem,324,53,34,0.9136,0.976577,2.890157
details,0x03fe,3,stemDefUp,324,38,3,0.7870,0.866052,1.803089
details,0x03ff,1,beamStemAdjust,324,42,42,1.0000,1.000000,3.000000
details,0x03ff,2,stemDefUp,324,31,3,0.8056,0.555767,1.511323
details,0x03ff,3,stemDefDown,324,27,2,0.8179,0.557500,1.475402
details,0x0400,1,beamStub,324,10,10,1.0000,1.000000,2.500000
details,0x0400,2,measTextAssign,324,5,0,0.9475,0.727979,1.675510
details,0x0400,3,acciAlter,324,9,0,0.7346,0.683527,1.418095
details,0x0401,1,beamAltPrimDownStem,324,134,130,0.9877,0.999982,2.987636
details,0x0401,2,beamAltPrimUpStem,324,129,5,0.5864,0.923576,1.759996
details,0x0401,3,tieAlterStart,324,118,2,0.5802,0.805300,1.485546
details,0x0402,1,beamAltPrimUpStem,324,134,132,0.9938,0.999999,2.993826
details,0x0402,2,beamAltPrimDownStem,324,129,5,0.5864,0.923727,1.760147
details,0x0402,3,tieAlterStart,324,118,4,0.5864,0.721183,1.507603
details,0x0403,1,beamAltSecDownStem,324,17,5,0.9630,0.981611,2.194574
details,0x0403,2,beamAltSecUpStem,324,9,0,0.9475,0.863679,1.811210
details,0x0403,3,beamStemAdjust,324,8,0,0.8426,0.504529,1.347122
details,0x0404,1,beamAltSecUpStem,324,9,2,0.9784,0.998424,2.076819
details,0x0404,2,beamAltSecDownStem,324,9,0,0.9475,0.831296,1.778827
details,0x0404,3,entrySize,324,7,0,0.8920,0.276190,1.168165
details,0x0406,1,centerShape,324,210,208,0.9938,0.999986,2.993813
details,0x0406,2,baselinesExprBelowStaff,324,210,97,0.2994,0.559397,1.858780
details,0x0406,3,staffGroup,324,168,34,0.2500,0.223623,1.473623
details,0x0407,1,chordAssign,324,7,7,0.9969,0.988668,2.335582
details,0x0407,2,baselinesSysChords,324,4,0,0.9722,0.766880,1.739102
details,0x0407,3,percussionNoteCode,324,3,0,0.9321,0.608634,1.540733
details,0x040a,1,crossChord,324,148,0,0.5432,1.000000,1.543210
details,0x040a,2,baselinesFingerboards,324,145,0,0.5432,0.981483,1.524693
details,0x040a,3,shapeNote,324,140,0,0.5432,0.951219,1.494429
details,0x040c,1,crossStaff,324,44,12,0.9012,0.963346,2.464581
details,0x040c,2,acciAlter,324,39,1,0.7253,0.551741,1.327050
details,0x040c,3,dotOffset,324,23,0,0.7994,0.449094,1.248476
details,0x040d,1,dotOffset,324,44,23,0.9228,0.973011,2.895851
details,0x040d,2,staffSize,324,21,0,0.7716,0.821478,1.593083
details,0x040d,3,baselinesSysExprAboveStaff,324,23,3,0.7994,0.494185,1.443568
details,0x040e,1,chordAssign,324,7,0,0.9383,0.789681,1.727953
details,0x040e,2,baselinesSysChords,324,5,0,0.9383,0.740603,1.678874
details,0x040e,3,percussionNoteCode,324,8,0,0.9105,0.568633,1.479127
details,0x040f,1,chordAssign,324,7,0,0.9383,0.767405,1.705677
details,0x040f,2,baselinesSysChords,324,5,0,0.9383,0.665685,1.603957
details,0x040f,3,percussionNoteCode,324,8,0,0.9105,0.503334,1.413828
details,0x0410,1,staffSize,324,46,46,0.9969,1.000000,2.996913
details,0x0410,2,dotOffset,324,17,0,0.7747,0.777936,1.552627
details,0x0410,3,beamAltSecDownStem,324,7,0,0.8272,0.500518,1.327679
details,0x0411,1,floats,324,150,150,1.0000,1.000000,3.000000
details,0x0411,2,staffGroup,324,118,35,0.2840,-0.020538,1.263413
details,0x0411,3,smartShapeEntryMark,324,83,9,0.3025,0.314549,1.067019
details,0x0413,1,fretboard,324,158,158,1.0000,1.000000,3.000000
details,0x0413,2,crossChord,324,148,0,0.5123,0.944271,1.456617
details,0x0413,3,baselinesFingerboards,324,145,0,0.5123,0.921474,1.433820
details,0x0414,1,gfhold,324,324,291,0.8981,0.999469,2.897618
details,0x0414,2,beamAltPrimDownStem,324,134,0,0.0000,0.918131,0.918131
details,0x0414,3,smartShapeEntryMark,324,168,0,0.0000,0.897463,0.897463
details,0x0418,1,lyrDataChorus,324,3,3,0.9969,0.864675,2.011589
details,0x0418,2,chordAssign,324,3,0,0.9753,0.230117,1.205425
details,0x0418,3,lyrDataVerse,324,3,0,0.8549,0.151969,1.006907
details,0x041a,1,lyrDataVerse,324,21,20,0.9167,0.477340,2.394007
details,0x041a,2,lyrDataChorus,324,3,0,0.9321,0.283142,1.215241
details,0x041a,3,baselinesSysLyricsVerse,324,7,0,0.8673,0.209113,1.076397
details,0x041b,1,lyricEntryInfo,324,17,17,1.0000,1.000000,2.850000
details,0x041b,2,lyrDataVerse,324,17,0,0.8549,0.422062,1.277000
details,0x041b,3,baselinesSysLyricsVerse,324,12,1,0.8981,0.274688,1.222836
details,0x041c,1,measOssiaAssign,324,4,4,1.0000,1.000000,2.200000
details,0x041c,2,beamExtendUpStem,324,4,0,0.8302,0.774830,1.605077
details,0x041c,3,stemDefDown,324,4,0,0.8580,0.729790,1.587815
details,0x041d,1,measGraphicAssign,324,3,3,1.0000,1.000000,2.150000
details,0x041d,2,measTextAssign,324,3,0,0.9630,0.185744,1.148707
details,0x041d,3,noteAlter,324,3,0,0.7130,0.419340,1.132303
details,0x041e,1,midiExprs,324,3,0,0.9907,0.758841,1.749582
details,0x041e,2,perfData,324,3,0,0.8241,0.881460,1.705534
details,0x041e,3,centerShape,324,3,0,0.3519,-0.028212,0.323640
details,0x041f,1,measNumbIndivPos,324,12,12,1.0000,1.000000,2.600000
details,0x041f,2,entrySize,324,5,0,0.8765,0.379267,1.255810
details,0x041f,3,staffSize,324,7,0,0.8395,0.144947,0.984454
details,0x0420,1,measTextAssign,324,12,11,0.9969,0.996059,2.542972
details,0x0420,2,beamStub,324,5,0,0.9475,0.688261,1.635792
details,0x0420,3,measOssiaAssign,324,4,4,0.9753,0.229233,1.404542
details,0x0421,1,staffGroup,324,235,192,0.8673,0.912323,2.779607
details,0x0421,2,centerShape,324,168,31,0.2407,0.252978,1.493719
details,0x0421,3,baselinesChords,324,234,64,0.1975,0.218517,1.416048
details,0x0422,1,noteAlter,324,93,51,0.8704,0.997448,2.867819
details,0x0422,2,stemDefDown,324,45,6,0.7284,0.785964,1.814359
details,0x0422,3,beamExtendDownStem,324,57,3,0.7130,0.812364,1.675327
details,0x0423,1,measOssiaAssign,324,4,0,0.7500,0.524600,1.274600
details,0x0423,2,beamExtendDownStem,324,29,0,0.6543,0.531231,1.185552
details,0x0423,3,stemDefUp,324,28,0,0.6667,0.513007,1.179674
details,0x0424,1,perfData,324,57,16,0.8735,0.992656,2.666113
details,0x0424,2,midiExprs,324,3,0,0.8241,0.609934,1.434008
details,0x0424,3,noteAlter,324,51,8,0.7191,0.300928,1.420064
details,0x0425,1,secBeamBreak,324,47,47,1.0000,1.000000,3.000000
details,0x0425,2,dotOffset,324,33,6,0.8395,0.260451,1.399957
details,0x0425,3,beamExtendDownStem,324,38,2,0.7932,0.485719,1.378929
details,0x0426,1,shapeNote,324,140,0,0.5679,0.999502,1.567403
details,0x0426,2,shapeNoteStyle,324,140,0,0.5370,0.992874,1.529911
details,0x0426,3,baselinesFingerboards,324,140,0,0.5525,0.968682,1.521151
details,0x0427,1,shapeNoteStyle,324,150,0,0.5370,0.999986,1.537023
details,0x0427,2,shapeNote,324,140,0,0.5370,0.993497,1.530534
details,0x0427,3,baselinesFingerboards,324,145,0,0.5370,0.978706,1.515743
details,0x0428,1,smartShapeEntryMark,324,168,66,0.6852,0.983419,2.668604
details,0x0428,2,beamAltPrimDownStem,324,121,2,0.4475,0.922494,1.470025
details,0x0428,3,beamAltPrimUpStem,324,120,0,0.4383,0.900476,1.338748
details,0x0429,1,lyrDataVerse,324,20,2,0.8611,0.418506,1.379617
details,0x0429,2,baselinesSysLyricsVerse,324,6,0,0.8673,0.185760,1.053044
details,0x0429,3,lyricEntryInfo,324,4,0,0.8981,0.046539,0.944687
details,0x042a,1,stemAdjust,324,119,118,0.9969,0.999998,2.996911
details,0x042a,2,tieAlterEnd,324,109,6,0.6265,0.581231,1.507775
details,0x042a,3,tieAlterStart,324,111,3,0.6080,0.645531,1.403556
details,0x042b,1,stemDefDown,324,46,46,1.0000,1.000000,3.000000
details,0x042b,2,stemDefUp,324,40,24,0.8858,0.981294,2.867096
details,0x042b,3,beamExtendDownStem,324,39,5,0.8086,0.809636,1.868278
details,0x042c,1,stemDefUp,324,55,55,1.0000,1.000000,3.000000
details,0x042c,2,stemDefDown,324,40,24,0.8858,0.981294,2.867096
details,0x042c,3,beamExtendDownStem,324,41,4,0.7840,0.824846,1.808796
details,0x042e,1,tieAlterEnd,324,117,54,0.8056,0.996862,2.802417
details,0x042e,2,tieAlterStart,324,116,7,0.6420,0.933619,1.925595
details,0x042e,3,beamAltPrimDownStem,324,115,1,0.5833,0.842141,1.475475
details,0x042f,1,tieAlterStart,324,122,57,0.7994,0.997904,2.797286
details,0x042f,2,tieAlterEnd,324,116,12,0.6574,0.960305,2.217713
details,0x042f,3,beamAltPrimUpStem,324,118,4,0.5864,0.730905,1.517324
details,0x0430,1,tupletDef,324,158,148,0.9691,0.999982,2.969117
details,0x0430,2,beamExtendDownStem,324,58,3,0.5154,0.745095,1.410527
details,0x0430,3,beamAltPrimDownStem,324,112,4,0.4568,0.748093,1.404883
details,0x0443,1,baselinesSysChords,324,6,6,1.0000,1.000000,2.300000
details,0x0443,2,chordAssign,324,5,0,0.9722,0.764895,1.737118
details,0x0443,3,percussionNoteCode,324,3,0,0.9352,0.439007,1.374192
details,0x0444,1,baselinesSysExprAboveStaff,324,43,43,1.0000,1.000000,3.000000
details,0x0444,2,dotOffset,324,20,2,0.7994,0.511975,1.411358
details,0x0444,3,baselinesSysExprBelowStaff,324,9,0,0.8673,0.368675,1.235959
details,0x0445,1,baselinesSysExprBelowStaff,324,9,9,1.0000,1.000000,2.450000
details,0x0445,2,baselinesSysExprAboveStaff,324,9,0,0.8673,0.368675,1.235959
details,0x0445,3,entrySize,324,6,0,0.8889,0.269237,1.158126
details,0x0449,1,baselinesSysLyricsVerse,324,29,27,0.9938,0.967840,2.961667
details,0x0449,2,lyrDataVerse,324,27,0,0.8488,0.847448,1.696214
details,0x0449,3,lyricEntryInfo,324,12,1,0.8981,0.326398,1.274546
details,0x0451,1,percussionNoteCode,324,10,6,0.9630,0.293897,1.556860
details,0x0451,2,baselinesSysLyricsVerse,324,3,0,0.8889,0.088475,0.977364
details,0x0451,3,stemDefDown,324,4,2,0.8457,0.009289,0.954968
details,0x0454,1,lyrDataVerse,324,26,24,0.9290,0.847467,2.776479
details,0x0454,2,baselinesSysLyricsVerse,324,20,0,0.8920,0.743196,1.635172
details,0x0454,3,lyricEntryInfo,324,13,0,0.9074,0.433508,1.340915
details,0x0455,1,activeLyric,324,153,153,1.0000,1.000000,3.000000
details,0x0455,2,shapeNote,324,140,140,0.9599,0.922162,2.882039
details,0x0455,3,baselinesFingerboards,324,141,141,0.9506,0.901769,2.852386
others,0x0073,1,acciOrderSharps,375,3,3,1.0000,1.000000,2.150000
others,0x0073,2,acciAmountSharps,375,3,3,1.0000,1.000000,2.150000
others,0x0073,3,keyMap,375,3,2,0.9973,0.554866,1.652199
others,0x0075,1,acciOrderSharps,375,3,3,1.0000,1.000000,2.150000
others,0x0075,2,acciAmountSharps,375,3,3,1.0000,1.000000,2.150000
others,0x0075,3,keyMap,375,3,2,0.9973,0.554866,1.652199
others,0x0076,1,ossiaMusic,375,9,9,1.0000,1.000000,2.450000
others,0x0076,2,ossiaHeader,375,9,9,1.0000,1.000000,2.450000
others,0x0076,3,ossiaBounds,375,9,9,1.0000,1.000000,2.450000
others,0x0077,1,ossiaMusic,375,9,9,1.0000,1.000000,2.450000
others,0x0077,2,ossiaHeader,375,9,9,1.0000,1.000000,2.450000
others,0x0077,3,ossiaBounds,375,9,9,1.0000,1.000000,2.450000
others,0x0078,1,ossiaMusic,375,9,9,1.0000,1.000000,2.450000
others,0x0078,2,ossiaHeader,375,9,9,1.0000,1.000000,2.450000
others,0x0078,3,ossiaBounds,375,9,9,1.0000,1.000000,2.450000
others,0x0079,1,articDef,375,371,349,0.9413,0.412670,2.354004
others,0x0079,2,textExpressionEnclosure,375,319,4,0.0213,0.591925,0.813258
others,0x0079,3,textExprDef,375,371,2,0.0160,0.665109,0.781109
others,0x007a,1,measExprAssign,375,229,13,0.0640,0.826518,1.540518
others,0x007a,2,measSpec,375,235,60,0.1600,0.340908,1.500908
others,0x007a,3,smartShapeMeasMark,375,193,4,0.3013,0.834113,1.335446
others,0x007b,1,bookmark,375,3,3,1.0000,1.000000,2.150000
others,0x007b,2,metaStaffStyle,375,3,1,0.1547,0.010067,0.214734
others,0x007b,3,textExpressionEnclosure,375,3,1,0.1520,-0.027011,0.174989
others,0x007c,1,channelPlayData,375,195,195,1.0000,1.000000,3.000000
others,0x007c,2,partDef,375,195,126,0.3360,0.973992,2.309992
others,0x007c,3,audioUnitInfo,375,124,36,0.5520,0.539893,2.091893
others,0x007d,1,chordSuffixPlay,375,141,0,0.6240,0.999720,1.623720
others,0x007d,2,chordSuffix,375,141,0,0.6240,0.997195,1.621195
others,0x007d,3,execShape,375,141,0,0.6213,0.995345,1.616678
others,0x007e,1,chordSuffixPlay,375,141,141,1.0000,1.000000,3.000000
others,0x007e,2,chordSuffix,375,141,0,0.6240,0.995206,1.619206
others,0x007e,3,execShape,375,141,0,0.6213,0.993180,1.614514
others,0x007f,1,textExpressionEnclosure,375,134,19,0.0960,0.816809,1.862809
others,0x007f,2,clefEnum,375,173,0,0.5387,0.996591,1.535257
others,0x007f,3,measNumbRegion,375,170,20,0.0640,0.073408,1.137408
others,0x0083,1,fretInst,375,167,27,0.0720,0.923039,1.995039
others,0x0083,2,fretStyle,375,167,25,0.0667,0.918704,1.985370
others,0x0083,3,drumLibName,375,167,137,0.4293,0.210681,1.640014
others,0x0084,1,drumStaff,375,24,23,0.9973,0.996150,2.993483
others,0x0084,2,percMapRef,375,12,10,0.9520,0.269862,1.721862
others,0x0084,3,finnamFilePath,375,12,10,0.9520,0.269862,1.721862
others,0x0085,1,drumLayoutPmmRef,375,7,3,0.9547,0.109878,1.214545
others,0x0085,2,drumStaff,375,3,0,0.9253,0.095627,1.020961
others,0x0085,3,mmRest,375,3,1,0.8613,-0.008062,0.903272
others,0x0086,1,durAllot,375,375,375,1.0000,1.000000,3.000000
others,0x0086,2,hpOptions,375,372,0,0.0000,0.854718,0.854718
others,0x0086,3,staffStyle,375,369,10,0.0267,0.076434,0.603100
others,0x0088,1,execShape,375,142,142,1.0000,1.000000,3.000000
others,0x0088,2,chordSuffix,375,141,0,0.6213,0.998636,1.619970
others,0x0088,3,chordSuffixPlay,375,141,0,0.6213,0.993180,1.614514
others,0x0089,1,fileURLBookmark,375,8,8,0.9973,0.994714,2.392048
others,0x0089,2,fileAlias,375,8,8,0.9973,0.994714,2.392048
others,0x0089,3,filePath,375,8,6,0.9893,0.987217,2.276551
others,0x008a,1,filePath,375,10,10,1.0000,1.000000,2.500000
others,0x008a,2,fileDesc,375,10,10,1.0000,1.000000,2.500000
others,0x008a,3,fileURLBookmark,375,9,7,0.9920,0.992341,2.334341
others,0x008b,1,filePath,375,10,10,1.0000,1.000000,2.500000
others,0x008b,2,fileDesc,375,10,10,1.0000,1.000000,2.500000
others,0x008b,3,fileURLBookmark,375,9,7,0.9920,0.992341,2.334341
others,0x008c,1,fretboardSymbol,375,135,135,1.0000,1.000000,3.000000
others,0x008c,2,chordSuffix,375,135,0,0.6240,0.986568,1.610568
others,0x008c,3,chordSuffixPlay,375,135,0,0.6240,0.980744,1.604744
others,0x008d,1,layerAtts,375,375,375,1.0000,0.000000,2.000000
others,0x008d,2,shapeDef,375,375,106,0.2827,0.000000,1.282667
others,0x008d,3,staffSpec,375,375,83,0.2213,0.000000,1.221333
others,0x0090,1,fontName,375,375,38,0.1013,0.896012,1.997345
others,0x0090,2,metaStaffStyle,375,318,77,0.2053,0.769074,1.974408
others,0x0090,3,metaClef,375,375,33,0.0880,0.738075,1.826075
others,0x0092,1,frameSpec,375,375,273,0.7280,0.999151,2.727151
others,0x0092,2,measSpec,375,375,26,0.0693,0.378939,1.448272
others,0x0092,3,measExprAssign,375,358,9,0.0240,0.870154,1.344154
others,0x0093,1,lockMeas,375,322,322,1.0000,1.000000,3.000000
others,0x0093,2,measExprAssign,375,310,39,0.1173,0.572876,1.690209
others,0x0093,3,textExpressionEnclosure,375,276,78,0.2347,0.250872,1.485539
others,0x0094,1,fretGroup,375,139,0,0.6293,0.991787,1.621120
others,0x0094,2,chordSuffix,375,139,0,0.6240,0.995444,1.619444
others,0x0094,3,chordSuffixPlay,375,139,0,0.6240,0.993514,1.617514
others,0x0095,1,fretInst,375,375,375,1.0000,1.000000,3.000000
others,0x0095,2,fretStyle,375,375,236,0.6293,0.995379,2.624712
others,0x0095,3,metaStaffStyle,375,318,169,0.4507,0.980668,2.431335
others,0x0097,1,fretStyle,375,375,375,1.0000,1.000000,3.000000
others,0x0097,2,fretInst,375,375,236,0.6293,0.995379,2.624712
others,0x0097,3,metaStaffStyle,375,318,169,0.4507,0.990676,2.441343
others,0x0098,1,splitMeas,375,3,0,0.9893,0.968473,1.957807
others,0x0098,2,playDumpShape,375,3,0,0.6427,0.276529,0.919196
others,0x0098,3,shapeExprDef,375,3,0,0.6293,0.248447,0.877780
others,0x009a,1,fstKeyFlats,375,233,233,1.0000,1.000000,3.000000
others,0x009a,2,fstKeySharps,375,233,233,0.9973,0.977618,2.974952
others,0x009a,3,keyFormat,375,233,233,0.9947,0.540037,2.534704
others,0x009b,1,fstKeySharps,375,234,234,1.0000,1.000000,3.000000
others,0x009b,2,fstKeyFlats,375,233,233,0.9973,0.977618,2.974952
others,0x009b,3,keyFormat,375,234,234,0.9973,0.553661,2.550995
others,0x009e,1,hpOptions,375,372,372,1.0000,1.000000,3.000000
others,0x009e,2,moviePlayerState,375,372,372,0.9947,0.575804,2.570471
others,0x009e,3,playDefs,375,372,372,0.9920,0.000000,1.992000
others,0x009f,1,staffSpec,375,375,45,0.1200,0.537129,1.657129
others,0x009f,2,staffStyle,375,369,85,0.2267,0.294169,1.520836
others,0x009f,3,namePosFullStyle,375,336,85,0.2267,0.139317,1.365983
others,0x00a0,1,keyFormat,375,235,235,1.0000,1.000000,3.000000
others,0x00a0,2,fstKeySharps,375,234,234,0.9973,0.553661,2.550995
others,0x00a0,3,fstKeyFlats,375,233,233,0.9947,0.540037,2.534704
others,0x00a1,1,keyMap,375,3,3,1.0000,1.000000,2.150000
others,0x00a1,2,acciOrderSharps,375,3,2,0.9973,0.554866,1.652199
others,0x00a1,3,acciAmountSharps,375,3,2,0.9973,0.554866,1.652199
others,0x00a2,1,keysAttrib,375,136,136,1.0000,1.000000,3.000000
others,0x00a2,2,categoryStaffListName,375,43,38,0.7387,0.356773,2.095440
others,0x00a2,3,audioUnitInfo,375,132,10,0.6613,0.812018,1.973351
others,0x00a3,1,layerAtts,375,375,375,1.0000,0.000000,2.000000
others,0x00a3,2,shapeDef,375,375,106,0.2827,0.000000,1.282667
others,0x00a3,3,staffSpec,375,375,83,0.2213,0.000000,1.221333
others,0x00a4,1,measNumbRegion,375,368,368,1.0000,1.000000,3.000000
others,0x00a4,2,hpOptions,375,367,295,0.7920,0.047191,1.839191
others,0x00a4,3,moviePlayerState,375,367,295,0.7867,0.019086,1.805752
others,0x00a5,1,metaArtic,375,370,370,1.0000,1.000000,3.000000
others,0x00a5,2,bypassFxValue,375,134,20,0.0613,0.121049,1.182382
others,0x00a5,3,metaDynam,375,370,12,0.0427,0.500510,1.143177
others,0x00a6,1,metaChord,375,232,232,1.0000,1.000000,3.000000
others,0x00a6,2,fstKeyFlats,375,232,0,0.3787,0.994357,1.373023
others,0x00a6,3,fstKeySharps,375,232,0,0.3760,0.972101,1.348101
others,0x00a7,1,metaClef,375,375,375,1.0000,1.000000,3.000000
others,0x00a7,2,fontName,375,375,51,0.1360,0.834321,1.970321
others,0x00a7,3,execShape,375,142,2,0.0053,0.948237,1.053570
others,0x00a8,1,metaDynam,375,371,371,1.0000,1.000000,3.000000
others,0x00a8,2,staffStyle,375,368,8,0.0293,0.914303,1.343636
others,0x00a8,3,metaKeySig,375,368,6,0.0240,0.888962,1.212962
others,0x00a9,1,metaKeySig,375,369,369,1.0000,1.000000,3.000000
others,0x00a9,2,fretInst,375,369,101,0.2693,0.993929,2.263263
others,0x00a9,3,metaDynam,375,368,6,0.0240,0.888962,1.212962
others,0x00aa,1,metaRepeat,375,141,141,1.0000,1.000000,3.000000
others,0x00aa,2,textRepeatText,375,140,137,0.9707,0.992391,2.963058
others,0x00aa,3,textRepeatDef,375,140,137,0.9707,0.992391,2.963058
others,0x00ab,1,metaShape,375,140,140,1.0000,1.000000,3.000000
others,0x00ab,2,metaTimeSig,375,135,119,0.9333,0.985955,2.919288
others,0x00ab,3,markingsDialogList,375,133,2,0.6187,0.949927,1.668594
others,0x00ac,1,metaStaffStyle,375,318,318,1.0000,1.000000,3.000000
others,0x00ac,2,fretStyle,375,318,169,0.4507,0.990676,2.441343
others,0x00ac,3,fretInst,375,318,169,0.4507,0.980668,2.431335
others,0x00ad,1,metaTimeSig,375,139,139,1.0000,1.000000,3.000000
others,0x00ad,2,metaShape,375,135,119,0.9333,0.985955,2.919288
others,0x00ad,3,markingsDialogList,375,134,2,0.6240,0.944483,1.668483
others,0x00ae,1,metaTuplet,375,95,95,1.0000,1.000000,3.000000
others,0x00ae,2,markingsDialogList,375,86,86,0.8373,0.583070,2.420403
others,0x00ae,3,audioUnitInfo,375,84,76,0.8187,0.544871,2.363538
others,0x00af,1,mmRest,375,49,49,1.0000,1.000000,3.000000
others,0x00af,2,repeatBack,375,9,1,0.8453,0.336248,1.231581
others,0x00af,3,repeatStaffListPartsOverride,375,19,2,0.8187,0.140288,1.058955
others,0x00b0,1,measSpec,375,375,369,0.9840,0.942510,2.926510
others,0x00b0,2,frameSpec,375,375,29,0.0773,0.416404,1.493737
others,0x00b0,3,staffSystemSpec,375,375,10,0.0267,0.648159,1.174825
others,0x00b1,1,measExprAssign,375,354,111,0.3413,0.543060,1.884394
others,0x00b1,2,lockMeas,375,306,53,0.1547,0.626430,1.781096
others,0x00b1,3,repeatStaffListParts,375,223,101,0.3120,0.432083,1.744083
others,0x00b3,1,namePosAbbrv,375,266,262,0.9893,0.997781,2.987114
others,0x00b3,2,namePosFull,375,265,260,0.9840,0.996248,2.980248
others,0x00b3,3,playbackRouteName,375,266,120,0.3200,0.530048,1.850048
others,0x00b4,1,namePosAbbrvStyle,375,336,334,0.9947,0.997844,2.992511
others,0x00b4,2,namePosFullStyle,375,336,325,0.9707,0.922867,2.893533
others,0x00b4,3,staffStyle,375,336,169,0.4667,0.352666,1.819333
others,0x00b5,1,namePosFull,375,265,261,0.9867,0.997687,2.984353
others,0x00b5,2,namePosAbbrv,375,265,260,0.9813,0.996147,2.977480
others,0x00b5,3,playbackRouteName,375,266,120,0.3200,0.529330,1.849330
others,0x00b6,1,namePosFullStyle,375,336,334,0.9947,0.997223,2.991889
others,0x00b6,2,namePosAbbrvStyle,375,336,325,0.9707,0.914710,2.885376
others,0x00b6,3,staffStyle,375,336,161,0.4453,0.387432,1.832766
others,0x00b7,1,textBlock,375,375,258,0.6880,0.988736,2.676736
others,0x00b7,2,staffPlayData,375,375,3,0.0080,0.765110,0.923110
others,0x00b7,3,clefEnum,375,173,1,0.0027,0.713089,0.765756
others,0x00b9,1,staffPlayData,375,375,73,0.1947,0.309762,1.504429
others,0x00b9,2,playbackRouteName,375,375,178,0.4747,-0.054804,1.419863
others,0x00b9,3,playbackRoute,375,375,178,0.4747,-0.054804,1.419863
others,0x00ba,1,staffPlayData,375,375,194,0.5173,0.942748,2.460082
others,0x00ba,2,textExpressionEnclosure,375,319,33,0.0880,0.786966,1.874966
others,0x00ba,3,playbackRouteName,375,375,203,0.5413,0.324928,1.866261
others,0x00bb,1,pageSpec,375,375,374,0.9973,0.999998,2.997332
others,0x00bb,2,staffSystemSpec,375,375,24,0.0640,0.683528,1.747528
others,0x00bb,3,playbackRouteName,375,375,50,0.1333,0.433343,1.566676
others,0x00bc,1,pageGraphicAssign,375,3,2,0.9973,0.942387,2.039720
others,0x00bc,2,fileURLBookmark,375,3,2,0.9813,0.108238,1.189571
others,0x00bc,3,fileAlias,375,3,2,0.9813,0.108238,1.189571
others,0x00be,1,playDefs,375,375,375,1.0000,0.000000,2.000000
others,0x00be,2,moviePlayerState,375,374,374,0.9973,0.000000,1.997333
others,0x00be,3,hpOptions,375,372,372,0.9920,0.000000,1.992000
others,0x00bf,1,shapeExprDef,375,42,38,0.7307,0.319983,2.050649
others,0x00bf,2,playDumpShape,375,42,41,0.7520,0.210445,1.962445
others,0x00bf,3,drumStaff,375,11,6,0.8693,-0.009005,1.160329
others,0x00c0,1,playDumpText,375,336,185,0.5040,0.995537,2.499537
others,0x00c0,2,textExprDef,375,336,182,0.4960,0.995547,2.491547
others,0x00c0,3,textExpressionEnclosure,375,284,40,0.1173,0.911243,2.028576
others,0x00c2,1,namePosAbbrvStyle,375,336,129,0.3520,0.430503,1.782503
others,0x00c2,2,namePosFullStyle,375,336,130,0.3547,0.227251,1.581918
others,0x00c2,3,timeUpper,375,184,117,0.3200,0.146279,1.466279
others,0x00cb,1,repeatBack,375,19,19,1.0000,1.000000,2.950000
others,0x00cb,2,repeatEndingStart,375,9,2,0.9547,0.537081,1.591748
others,0x00cb,3,repeatPassList,375,8,1,0.9520,0.496652,1.498652
others,0x00cc,1,repeatEndingStart,375,9,9,1.0000,1.000000,2.450000
others,0x00cc,2,repeatPassList,375,8,7,0.9947,0.961276,2.305942
others,0x00cc,3,repeatEndingText,375,6,2,0.9813,0.888350,1.969683
others,0x00cd,1,repeatEndingText,375,6,5,0.9973,0.961921,2.209254
others,0x00cd,2,repeatPassList,375,5,3,0.9840,0.915642,2.049642
others,0x00cd,3,repeatEndingStart,375,6,3,0.9840,0.904823,2.038823
others,0x00ce,1,repeatPassList,375,8,8,1.0000,1.000000,2.400000
others,0x00ce,2,repeatEndingStart,375,8,7,0.9947,0.961276,2.305942
others,0x00ce,3,repeatEndingText,375,5,2,0.9813,0.915979,1.997313
others,0x00cf,1,repeatStaffListScoreOverride,375,8,0,0.8800,0.506082,1.386082
others,0x00cf,2,repeatStaffListPartsOverride,375,10,0,0.8800,0.485516,1.365516
others,0x00cf,3,filePath,375,4,0,0.9440,0.417322,1.361322
others,0x00d5,1,shapeList,375,375,372,0.9920,1.000000,2.992000
others,0x00d5,2,shapeData,375,375,371,0.9893,1.000000,2.989333
others,0x00d5,3,shapeDef,375,375,3,0.0080,0.919675,1.077675
others,0x00d6,1,shapeDef,375,375,369,0.9840,0.998675,2.982675
others,0x00d6,2,layerAtts,375,375,106,0.2827,0.000000,1.282667
others,0x00d6,3,shapeData,375,375,3,0.0080,0.922135,1.080135
others,0x00d7,1,shapeList,375,375,372,0.9920,1.000000,2.992000
others,0x00d7,2,shapeData,375,375,371,0.9893,1.000000,2.989333
others,0x00d7,3,shapeDef,375,375,3,0.0080,0.919675,1.077675
others,0x00d9,1,smartShape,375,226,206,0.9467,0.997870,2.944537
others,0x00d9,2,smartShapeMeasMark,375,224,18,0.4453,0.990526,2.335859
others,0x00d9,3,measExprAssign,375,221,5,0.0453,0.901700,1.197033
others,0x00da,1,smartShape,375,224,17,0.4427,0.936211,2.228878
others,0x00da,2,smartShapeMeasMark,375,224,10,0.4293,0.935906,1.865240
others,0x00da,3,beatChart,375,193,0,0.2907,0.888020,1.178687
others,0x00db,1,repeatStaffListScore,375,31,21,0.4213,0.182931,1.604264
others,0x00db,2,repeatStaffListName,375,31,21,0.4213,0.182931,1.604264
others,0x00db,3,repeatStaffListParts,375,31,23,0.4267,0.166510,1.593177
others,0x00dd,1,splitMeas,375,4,4,1.0000,1.000000,2.200000
others,0x00dd,2,repeatStaffListScoreOverride,375,3,3,0.9040,0.038471,1.092471
others,0x00dd,3,repeatStaffListPartsOverride,375,3,3,0.8987,0.041675,1.090341
others,0x00de,1,ssLineStyle,375,375,375,1.0000,1.000000,3.000000
others,0x00de,2,staffStyle,375,369,9,0.0240,0.942200,1.416200
others,0x00de,3,metaKeySig,375,369,4,0.0107,0.977220,1.187886
others,0x00df,1,staffSystemSpec,375,375,375,1.0000,1.000000,3.000000
others,0x00df,2,pageSpec,375,375,24,0.0640,0.683517,1.747517
others,0x00df,3,partGlobals,375,375,18,0.0480,0.705851,1.653851
others,0x00e1,1,repeatStaffListScore,375,228,228,1.0000,1.000000,3.000000
others,0x00e1,2,repeatStaffListName,375,228,228,1.0000,1.000000,3.000000
others,0x00e1,3,repeatStaffListParts,375,228,191,0.9013,0.938650,2.839983
others,0x00e2,1,repeatStaffListParts,375,228,228,1.0000,1.000000,3.000000
others,0x00e2,2,repeatStaffListScore,375,228,191,0.9013,0.938650,2.839983
others,0x00e2,3,repeatStaffListName,375,228,191,0.9013,0.938650,2.839983
others,0x00e3,1,repeatStaffListPartsOverride,375,40,25,0.9600,0.928896,2.888896
others,0x00e3,2,repeatStaffListScoreOverride,375,38,19,0.9440,0.892478,2.786478
others,0x00e3,3,fstKeyFlats,375,40,20,0.4320,0.239648,1.671648
others,0x00e4,1,repeatStaffListScore,375,228,228,1.0000,1.000000,3.000000
others,0x00e4,2,repeatStaffListName,375,228,228,1.0000,1.000000,3.000000
others,0x00e4,3,repeatStaffListParts,375,228,191,0.9013,0.938650,2.839983
others,0x00e5,1,repeatStaffListScoreOverride,375,38,23,0.9600,0.932583,2.892583
others,0x00e5,2,repeatStaffListPartsOverride,375,38,19,0.9440,0.913619,2.807619
others,0x00e5,3,playDumpShape,375,35,4,0.6453,0.717831,1.563165
others,0x00e6,1,staffPlayData,375,375,358,0.9547,0.998834,2.953501
others,0x00e6,2,textExpressionEnclosure,375,319,20,0.0533,0.812370,1.865703
others,0x00e6,3,playbackRouteName,375,375,89,0.2373,0.269551,1.506884
others,0x00e7,1,staffSpec,375,375,359,0.9573,0.994983,2.952317
others,0x00e7,2,partDef,375,375,32,0.0853,0.814734,1.900067
others,0x00e7,3,channelPlayData,375,195,18,0.0480,0.797968,1.745968
others,0x00e8,1,staffStyle,375,369,338,0.9173,0.987699,2.905033
others,0x00e8,2,fontName,375,369,75,0.2000,0.780677,1.980677
others,0x00e8,3,namePosFullStyle,375,336,167,0.4613,0.402229,1.863562
others,0x00e9,1,staffStyleAssign,375,61,17,0.8773,0.750832,2.478165
others,0x00e9,2,drumStaff,375,8,4,0.8053,0.736463,1.741797
others,0x00e9,3,namePosFull,375,52,15,0.3093,0.643568,1.702902
others,0x00eb,1,shapeExprDef,375,137,108,0.9173,0.684722,2.602055
others,0x00eb,2,playDumpShape,375,132,100,0.8960,0.670643,2.566643
others,0x00eb,3,textExpressionEnclosure,375,103,21,0.1147,0.760255,1.874922
others,0x00ed,1,timeLower,375,4,4,1.0000,1.000000,2.200000
others,0x00ed,2,metaTuplet,375,3,0,0.7440,0.096522,0.840522
others,0x00ed,3,execShape,375,4,1,0.6240,0.065675,0.739675
others,0x00ee,1,timeUpper,375,184,184,1.0000,1.000000,3.000000
others,0x00ee,2,keysAttrib,375,136,111,0.8053,0.131955,1.937288
others,0x00ee,3,categoryStaffListName,375,43,30,0.5893,0.210354,1.799687
others,0x00f0,1,tempoDef,375,19,6,0.9653,0.572349,1.837682
others,0x00f0,2,metaTuplet,375,7,0,0.7147,0.349739,1.064405
others,0x00f0,3,staffStyleAssign,375,4,0,0.7920,0.103845,0.895845
others,0x00f1,1,textExprDef,375,371,305,0.8240,0.998537,2.822537
others,0x00f1,2,playDumpText,375,371,302,0.8160,0.998533,2.814533
others,0x00f1,3,staffStyle,375,368,40,0.1147,0.041832,1.156499
others,0x00f2,1,textExpressionEnclosure,375,319,309,0.9733,0.999890,2.973223
others,0x00f2,2,staffPlayData,375,319,20,0.0533,0.812542,1.865875
others,0x00f2,3,repeatStaffListParts,375,191,102,0.3227,0.322098,1.644765
others,0x00f3,1,textRepeatAssign,375,7,7,1.0000,1.000000,2.350000
others,0x00f3,2,repeatBack,375,3,1,0.9413,0.282763,1.274097
others,0x00f3,3,textRepeatText,375,7,4,0.6187,0.072991,0.891657
others,0x00f4,1,textRepeatText,375,147,147,1.0000,1.000000,3.000000
others,0x00f4,2,textRepeatDef,375,147,147,1.0000,1.000000,3.000000
others,0x00f4,3,metaRepeat,375,140,137,0.9707,0.992391,2.963058
others,0x00f6,1,textRepeatText,375,147,147,1.0000,1.000000,3.000000
others,0x00f6,2,textRepeatDef,375,147,147,1.0000,1.000000,3.000000
others,0x00f6,3,metaRepeat,375,140,137,0.9707,0.992391,2.963058
others,0x00f7,1,keysAttrib,375,122,122,0.8373,0.622089,2.459422
others,0x00f7,2,metaStaffStyle,375,168,41,0.2587,0.798399,2.057066
others,0x00f7,3,categoryStaffListName,375,38,33,0.6240,0.373464,1.997464
others,0x0112,1,viSetup,375,354,354,1.0000,1.000000,3.000000
others,0x0112,2,playDefs,375,354,354,0.9440,0.000000,1.944000
others,0x0112,3,moviePlayerState,375,353,353,0.9413,-0.012594,1.928739
others,0x0115,1,audioUnitInfo,375,133,133,1.0000,1.000000,3.000000
others,0x0115,2,markingsDialogList,375,130,118,0.9387,0.871294,2.809961
others,0x0115,3,metaTuplet,375,84,76,0.8187,0.544871,2.363538
others,0x011a,1,partDef,375,375,375,1.0000,1.000000,3.000000
others,0x011a,2,partGlobals,375,375,322,0.8587,0.692318,2.550985
others,0x011a,3,channelPlayData,375,195,126,0.3360,0.973992,2.309992
others,0x011b,1,viSetup,375,334,334,0.9227,0.423778,2.346445
others,0x011b,2,hpOptions,375,343,343,0.9227,0.294009,2.216676
others,0x011b,3,moviePlayerState,375,343,343,0.9173,0.169292,2.086625
others,0x0122,1,moviePlayerState,375,374,374,1.0000,1.000000,3.000000
others,0x0122,2,hpOptions,375,372,372,0.9947,0.575804,2.570471
others,0x0122,3,playDefs,375,374,374,0.9973,0.000000,1.997333
others,0x012c,1,keysAttrib,375,132,126,0.9573,0.783667,2.741000
others,0x012c,2,categoryStaffListName,375,43,38,0.7333,0.470152,2.203485
others,0x012c,3,audioUnitInfo,375,130,13,0.6587,0.873041,2.181708
others,0x012d,1,markingsCategoryName,375,166,166,0.4427,0.566852,2.009519
others,0x012d,2,markingsCategory,375,166,166,0.4427,0.566852,2.009519
others,0x012d,3,fretStyle,375,166,64,0.1707,0.832936,2.003603
others,0x012e,1,markingsCategoryName,375,166,166,0.4427,0.566852,2.009519
others,0x012e,2,markingsCategory,375,166,166,0.4427,0.566852,2.009519
others,0x012e,3,fretStyle,375,166,64,0.1707,0.832936,2.003603
others,0x012f,1,categoryStaffListName,375,43,43,0.9893,0.822946,2.812279
others,0x012f,2,keysAttrib,375,43,38,0.7280,0.263992,1.991992
others,0x012f,3,timeUpper,375,43,30,0.5787,0.159201,1.737868
others,0x0130,1,markingsCategoryName,375,166,52,0.1387,0.428824,1.567490
others,0x0130,2,markingsCategory,375,166,52,0.1387,0.428824,1.567490
others,0x0130,3,execShape,375,136,3,0.5493,0.837546,1.536879
others,0x0132,1,markingsCategoryName,375,166,52,0.1387,0.428824,1.567490
others,0x0132,2,markingsCategory,375,166,52,0.1387,0.428824,1.567490
others,0x0132,3,execShape,375,136,3,0.5493,0.837546,1.536879
others,0x0139,1,metaShape,375,133,3,0.6240,0.987326,1.761326
others,0x0139,2,drumLibName,375,137,137,0.4293,0.199516,1.628849
others,0x0139,3,fretboardSymbol,375,134,0,0.6320,0.982479,1.614479
others,0x013a,1,percMapRef,375,15,15,0.9973,0.913265,2.660598
others,0x013a,2,finnamFilePath,375,15,15,0.9973,0.913265,2.660598
others,0x013a,3,finnamFileDesc,375,15,15,0.9973,0.913265,2.660598
others,0x013b,1,volumeValue,375,136,136,1.0000,1.000000,3.000000
others,0x013b,2,metaRepeat,375,132,129,0.9573,0.925594,2.882928
others,0x013b,3,textRepeatText,375,131,129,0.9387,0.914181,2.852848
others,0x013c,1,bypassFxValue,375,136,136,1.0000,1.000000,3.000000
others,0x013c,2,volumeValue,375,136,0,0.6373,1.000000,1.637333
others,0x013c,3,fretboardSymbol,375,131,0,0.6267,0.948017,1.574683
others,0x013d,1,percMapRef,375,15,15,0.9973,0.913265,2.660598
others,0x013d,2,finnamFilePath,375,15,15,0.9973,0.913265,2.660598
others,0x013d,3,finnamFileDesc,375,15,15,0.9973,0.913265,2.660598
others,0x013e,1,percMapRef,375,15,15,0.9973,0.913265,2.660598
others,0x013e,2,finnamFilePath,375,15,15,0.9973,0.913265,2.660598
others,0x013e,3,finnamFileDesc,375,15,15,0.9973,0.913265,2.660598
others,0x0141,1,drumLayoutPmmRef,375,6,6,0.9627,0.936843,2.199510
others,0x0141,2,drumStaff,375,3,3,0.9360,-0.001366,1.084634
others,0x0141,3,repeatStaffListScoreOverride,375,3,3,0.8987,-0.006339,1.042327
others,0x0142,1,multiStaffInstGroup,375,83,83,0.8293,0.698748,2.528081
others,0x0142,2,audioUnitInfo,375,73,66,0.7947,0.575038,2.369705
others,0x0142,3,markingsDialogList,375,76,71,0.8027,0.558065,2.360732
others,0x0143,1,multiStaffGroupID,375,83,83,0.8293,0.838471,2.667804
others,0x0143,2,keysAttrib,375,72,65,0.7813,0.443784,2.225117
others,0x0143,3,multiStaffInstGroup,375,83,12,0.6400,0.672108,1.912108
others,0x0144,1,stylePlayData,375,3,3,0.9973,0.973214,2.120548
others,0x0144,2,multiStaffGroupID,375,3,3,0.6160,0.186915,0.952915
others,0x0144,3,staffStyleAssign,375,3,0,0.8320,0.059372,0.891372
